Workbook

Sheet Attendance
B1: SUBJECT: COMP 1
B2: COURSE/YEAR: BSIT 1A | F2: ATTENDANCE
B3: TIME:
B4: ROOM:
B5: UNITS:
C6: PRELIM (AIGUST - SEPTEMBER) | N6: MIDTERM (SEPTEMBER - OCTOBER) | Y6: FINAL (NOVEMBER - DECEMBER)
B7: Names | C7: ATTENDANCE | N7: ATTENDANCE | Y7: ATTENDANCE
C8: 0.05 | N8: 0.05 | Y8: 0.05
C9: WEEK 1 | D9: WEEK 2 | J9: WEEK 3 | K9: WEEK 4 | L9: WEEK 5 | M9: TOTAL | N9: WEEK 1 | O9: WEEK 2 | U9: WEEK 3 | V9: WEEK 4 | W9: WEEK 5 | X9: TOTAL | Y9: WEEK 1 | Z9: WEEK 2 | AA9: WEEK 3 | AB9: WEEK 4 | AG9: WEEK 5 | AH9: TOTAL
A10: 1 | B10: ANDIANO. NOEL RABAGO | C10: 1 | D10: 1 | J10: 1 | K10: 1 | L10: 1 | M10: =SUM(C10:L10) -> 5 | N10: 1 | O10: 1 | U10: 1 | V10: 1 | W10: 1 | X10: =SUM(N10:W10) -> 5 | Y10: 1 | Z10: 1 | AA10: 1 | AB10: 1 | AG10: 1 | AH10: =SUM(Y10:AG10) -> 5
A11: 2 | B11: ASPE. SOPHIA ERICKA PACIENCIA | M11: =SUM(C11:L11) -> 0 | X11: =SUM(N11:W11) -> 0 | AH11: =SUM(Y11:AG11) -> 0
A12: 3 | B12: ATONDUCAN. VINCE ASHLEY PAREÑAS | M12: =SUM(C12:L12) -> 0 | X12: =SUM(N12:W12) -> 0 | AH12: =SUM(Y12:AG12) -> 0
A13: 4 | B13: BLANCO. KLYDE JANDY SAYNES | M13: =SUM(C13:L13) -> 0 | X13: =SUM(N13:W13) -> 0 | AH13: =SUM(Y13:AG13) -> 0
A14: 5 | B14: BORROMEO. HARVEY KENT DUMALAG | M14: =SUM(C14:L14) -> 0 | X14: =SUM(N14:W14) -> 0 | AH14: =SUM(Y14:AG14) -> 0
A15: 6 | B15: CABAYA. SOPHIA LOREN JURILLA | M15: =SUM(C15:L15) -> 0 | X15: =SUM(N15:W15) -> 0 | AH15: =SUM(Y15:AG15) -> 0
A16: 7 | B16: CASIDA. KIESHA LOU RODRIGUEZ | M16: =SUM(C16:L16) -> 0 | X16: =SUM(N16:W16) -> 0 | AH16: =SUM(Y16:AG16) -> 0
A17: 8 | B17: CUARESMA. LOUR DESIREE BAQUERO | M17: =SUM(C17:L17) -> 0 | X17: =SUM(N17:W17) -> 0 | AH17: =SUM(Y17:AG17) -> 0
A18: 9 | B18: DETOPEREZ. KNYTZ PANIZALES | M18: =SUM(C18:L18) -> 0 | X18: =SUM(N18:W18) -> 0 | AH18: =SUM(Y18:AG18) -> 0
A19: 10 | B19: DOMINGO. ARSENIO JR. DIOLESTE | M19: =SUM(C19:L19) -> 0 | X19: =SUM(N19:W19) -> 0 | AH19: =SUM(Y19:AG19) -> 0
A20: 11 | B20: ESCANDA. ETHAN GABRIEL BERNALDEZ | M20: =SUM(C20:L20) -> 0 | X20: =SUM(N20:W20) -> 0 | AH20: =SUM(Y20:AG20) -> 0
A21: 12 | B21: GENTERONE. LYCCA MAY PODADOR | M21: =SUM(C21:L21) -> 0 | X21: =SUM(N21:W21) -> 0 | AH21: =SUM(Y21:AG21) -> 0
A22: 13 | B22: HITONES. APPLE ANDREA SU-AY | M22: =SUM(C22:L22) -> 0 | X22: =SUM(N22:W22) -> 0 | AH22: =SUM(Y22:AG22) -> 0
... A48: 39 | B48: VILLARBA. JACOB PERNITO | M48: =SUM(C48:L48) -> 0 | X48: =SUM(N48:W48) -> 0 | AH48: =SUM(Y48:AG48) -> 0

Sheet Prelim
B1: =Attendance!B1 -> SUBJECT: COMP 1 | C1: PRELIM GRADE
B2: =Attendance!B2 -> COURSE/YEAR: BSIT 1A
B3: =Attendance!B3 -> TIME:
B4: =Attendance!B4 -> ROOM:
B5: =Attendance!B5 -> UNITS:
AI6: TOTAL GRADE:
C7: FORMATIVE ASSESSMENT | Y7: SUMMATIVE ASSESSMENT | AI7: PRELIM | AJ7: REMARKS
B8: Names | C8: ATTENDANCE | F8: QUIZZES/RECITATION/ASSIGNMENT | P8: LABORATORY EXERCISES | X8: FORMATIVE GRADE | Y8: PRELIM EXAM | AC8: PROJECT/FINAL PRESENTATION | AG8: SUMMATIVE GRADE | AI8: GRADE
F9: 0.25 | P9: 0.35 | X9: 0.6 | Y9: 15% | AC9: 0.25 | AG9: 0.4 | AI9: 1
C10: 5 | F10: 50 | G10: 50 | H10: 50 | M10: =SUM(F10:L10) -> 150 | N10: =(M10/SUM(($F$10:$L$10))*50+50) -> 100 | O10: =N10*0.25 -> 25 | P10: 50 | Q10: 50 | U10: =SUM(P10:T10) -> 100 | V10: =(U10/SUM(($P$10:$T$10))*50+50) -> 100 | W10: =V10*0.35 -> 35 | X10: =O10+W10 -> 60 | Y10: 100 | Z10: 50 | AA10: =SUM(Y10:Z10) -> 150 | AB10: =((AA10/SUM(($Y$10:$Z$10))*50+50)*0.15) -> 15 | AC10: 50 | AD10: 50 | AE10: =SUM(AC10:AD10) -> 100 | AF10: =((AE10/SUM(($AC$10:$AD$10))*50+50)*0.25) -> 25 | AG10: =AB10+AF10 -> 40 | AI10: =X10+AG10 -> 100 | AJ10: =IF(AI10<74.5,"FAILED","PASSED") -> PASSED
A11: 1 | B11: =Attendance!B11 -> ASPE. SOPHIA ERICKA PACIENCIA | C11: =Attendance!M10 -> 5 | M11: =SUM(F11:L11) -> 0 | N11: =(M11/SUM(($F$10:$L$10))*50+50) -> 50 | O11: =N11*0.25 -> 12.5 | U11: =SUM(P11:T11) -> 0 | V11: =(U11/SUM(($P$10:$T$10))*50+50) -> 50 | W11: =V11*0.35 -> 17.5 | X11: =O11+W11 -> 30 | AA11: =SUM(Y11:Z11) -> 0 | AB11: =((AA11/SUM(($Y$10:$Z$10))*50+50)*0.15) -> 7.5 | AE11: =SUM(AC11:AD11) -> 0 | AF11: =((AE11/SUM(($AC$10:$AD$10))*50+50)*0.25) -> 12.5 | AG11: =AB11+AF11 -> 20 | AI11: =X11+AG11 -> 50 | AJ11: =IF(AI11<74.5,"FAILED","PASSED") -> FAILED
A12: 2 | B12: =Attendance!B12 -> ATONDUCAN. VINCE ASHLEY PAREÑAS | C12: =Attendance!M11 -> 0 | M12: =SUM(F12:L12) -> 0 | N12: =(M12/SUM(($F$10:$L$10))*50+50) -> 50 | O12: =N12*0.25 -> 12.5 | U12: =SUM(P12:T12) -> 0 | V12: =(U12/SUM(($P$10:$T$10))*50+50) -> 50 | W12: =V12*0.35 -> 17.5 | X12: =O12+W12 -> 30 | AA12: =SUM(Y12:Z12) -> 0 | AB12: =((AA12/SUM(($Y$10:$Z$10))*50+50)*0.15) -> 7.5 | AE12: =SUM(AC12:AD12) -> 0 | AF12: =((AE12/SUM(($AC$10:$AD$10))*50+50)*0.25) -> 12.5 | AG12: =AB12+AF12 -> 20 | AI12: =X12+AG12 -> 50 | AJ12: =IF(AI12<74.5,"FAILED","PASSED") -> FAILED
A13: 3 | B13: =Attendance!B13 -> BLANCO. KLYDE JANDY SAYNES | C13: =Attendance!M12 -> 0 | M13: =SUM(F13:L13) -> 0 | N13: =(M13/SUM(($F$10:$L$10))*50+50) -> 50 | O13: =N13*0.25 -> 12.5 | U13: =SUM(P13:T13) -> 0 | V13: =(U13/SUM(($P$10:$T$10))*50+50) -> 50 | W13: =V13*0.35 -> 17.5 | X13: =O13+W13 -> 30 | AA13: =SUM(Y13:Z13) -> 0 | AB13: =((AA13/SUM(($Y$10:$Z$10))*50+50)*0.15) -> 7.5 | AE13: =SUM(AC13:AD13) -> 0 | AF13: =((AE13/SUM(($AC$10:$AD$10))*50+50)*0.25) -> 12.5 | AG13: =AB13+AF13 -> 20 | AI13: =X13+AG13 -> 50 | AJ13: =IF(AI13<74.5,"FAILED","PASSED") -> FAILED
A14: 4 | B14: =Attendance!B14 -> BORROMEO. HARVEY KENT DUMALAG | C14: =Attendance!M13 -> 0 | M14: =SUM(F14:L14) -> 0 | N14: =(M14/SUM(($F$10:$L$10))*50+50) -> 50 | O14: =N14*0.25 -> 12.5 | U14: =SUM(P14:T14) -> 0 | V14: =(U14/SUM(($P$10:$T$10))*50+50) -> 50 | W14: =V14*0.35 -> 17.5 | X14: =O14+W14 -> 30 | AA14: =SUM(Y14:Z14) -> 0 | AB14: =((AA14/SUM(($Y$10:$Z$10))*50+50)*0.15) -> 7.5 | AE14: =SUM(AC14:AD14) -> 0 | AF14: =((AE14/SUM(($AC$10:$AD$10))*50+50)*0.25) -> 12.5 | AG14: =AB14+AF14 -> 20 | AI14: =X14+AG14 -> 50 | AJ14: =IF(AI14<74.5,"FAILED","PASSED") -> FAILED
A15: 5 | B15: =Attendance!B15 -> CABAYA. SOPHIA LOREN JURILLA | C15: =Attendance!M14 -> 0 | M15: =SUM(F15:L15) -> 0 | N15: =(M15/SUM(($F$10:$L$10))*50+50) -> 50 | O15: =N15*0.25 -> 12.5 | U15: =SUM(P15:T15) -> 0 | V15: =(U15/SUM(($P$10:$T$10))*50+50) -> 50 | W15: =V15*0.35 -> 17.5 | X15: =O15+W15 -> 30 | AA15: =SUM(Y15:Z15) -> 0 | AB15: =((AA15/SUM(($Y$10:$Z$10))*50+50)*0.15) -> 7.5 | AE15: =SUM(AC15:AD15) -> 0 | AF15: =((AE15/SUM(($AC$10:$AD$10))*50+50)*0.25) -> 12.5 | AG15: =AB15+AF15 -> 20 | AI15: =X15+AG15 -> 50 | AJ15: =IF(AI15<74.5,"FAILED","PASSED") -> FAILED
A16: 6 | B16: =Attendance!B16 -> CASIDA. KIESHA LOU RODRIGUEZ | C16: =Attendance!M15 -> 0 | M16: =SUM(F16:L16) -> 0 | N16: =(M16/SUM(($F$10:$L$10))*50+50) -> 50 | O16: =N16*0.25 -> 12.5 | U16: =SUM(P16:T16) -> 0 | V16: =(U16/SUM(($P$10:$T$10))*50+50) -> 50 | W16: =V16*0.35 -> 17.5 | X16: =O16+W16 -> 30 | AA16: =SUM(Y16:Z16) -> 0 | AB16: =((AA16/SUM(($Y$10:$Z$10))*50+50)*0.15) -> 7.5 | AE16: =SUM(AC16:AD16) -> 0 | AF16: =((AE16/SUM(($AC$10:$AD$10))*50+50)*0.25) -> 12.5 | AG16: =AB16+AF16 -> 20 | AI16: =X16+AG16 -> 50 | AJ16: =IF(AI16<74.5,"FAILED","PASSED") -> FAILED
A17: 7 | B17: =Attendance!B17 -> CUARESMA. LOUR DESIREE BAQUERO | C17: =Attendance!M16 -> 0 | M17: =SUM(F17:L17) -> 0 | N17: =(M17/SUM(($F$10:$L$10))*50+50) -> 50 | O17: =N17*0.25 -> 12.5 | U17: =SUM(P17:T17) -> 0 | V17: =(U17/SUM(($P$10:$T$10))*50+50) -> 50 | W17: =V17*0.35 -> 17.5 | X17: =O17+W17 -> 30 | AA17: =SUM(Y17:Z17) -> 0 | AB17: =((AA17/SUM(($Y$10:$Z$10))*50+50)*0.15) -> 7.5 | AE17: =SUM(AC17:AD17) -> 0 | AF17: =((AE17/SUM(($AC$10:$AD$10))*50+50)*0.25) -> 12.5 | AG17: =AB17+AF17 -> 20 | AI17: =X17+AG17 -> 50 | AJ17: =IF(AI17<74.5,"FAILED","PASSED") -> FAILED
A18: 8 | B18: =Attendance!B18 -> DETOPEREZ. KNYTZ PANIZALES | C18: =Attendance!M17 -> 0 | M18: =SUM(F18:L18) -> 0 | N18: =(M18/SUM(($F$10:$L$10))*50+50) -> 50 | O18: =N18*0.25 -> 12.5 | U18: =SUM(P18:T18) -> 0 | V18: =(U18/SUM(($P$10:$T$10))*50+50) -> 50 | W18: =V18*0.35 -> 17.5 | X18: =O18+W18 -> 30 | AA18: =SUM(Y18:Z18) -> 0 | AB18: =((AA18/SUM(($Y$10:$Z$10))*50+50)*0.15) -> 7.5 | AE18: =SUM(AC18:AD18) -> 0 | AF18: =((AE18/SUM(($AC$10:$AD$10))*50+50)*0.25) -> 12.5 | AG18: =AB18+AF18 -> 20 | AI18: =X18+AG18 -> 50 | AJ18: =IF(AI18<74.5,"FAILED","PASSED") -> FAILED
A19: 9 | B19: =Attendance!B19 -> DOMINGO. ARSENIO JR. DIOLESTE | C19: =Attendance!M18 -> 0 | M19: =SUM(F19:L19) -> 0 | N19: =(M19/SUM(($F$10:$L$10))*50+50) -> 50 | O19: =N19*0.25 -> 12.5 | U19: =SUM(P19:T19) -> 0 | V19: =(U19/SUM(($P$10:$T$10))*50+50) -> 50 | W19: =V19*0.35 -> 17.5 | X19: =O19+W19 -> 30 | AA19: =SUM(Y19:Z19) -> 0 | AB19: =((AA19/SUM(($Y$10:$Z$10))*50+50)*0.15) -> 7.5 | AE19: =SUM(AC19:AD19) -> 0 | AF19: =((AE19/SUM(($AC$10:$AD$10))*50+50)*0.25) -> 12.5 | AG19: =AB19+AF19 -> 20 | AI19: =X19+AG19 -> 50 | AJ19: =IF(AI19<74.5,"FAILED","PASSED") -> FAILED
A20: 10 | B20: =Attendance!B20 -> ESCANDA. ETHAN GABRIEL BERNALDEZ | C20: =Attendance!M19 -> 0 | M20: =SUM(F20:L20) -> 0 | N20: =(M20/SUM(($F$10:$L$10))*50+50) -> 50 | O20: =N20*0.25 -> 12.5 | U20: =SUM(P20:T20) -> 0 | V20: =(U20/SUM(($P$10:$T$10))*50+50) -> 50 | W20: =V20*0.35 -> 17.5 | X20: =O20+W20 -> 30 | AA20: =SUM(Y20:Z20) -> 0 | AB20: =((AA20/SUM(($Y$10:$Z$10))*50+50)*0.15) -> 7.5 | AE20: =SUM(AC20:AD20) -> 0 | AF20: =((AE20/SUM(($AC$10:$AD$10))*50+50)*0.25) -> 12.5 | AG20: =AB20+AF20 -> 20 | AI20: =X20+AG20 -> 50 | AJ20: =IF(AI20<74.5,"FAILED","PASSED") -> FAILED
A21: 11 | B21: =Attendance!B21 -> GENTERONE. LYCCA MAY PODADOR | C21: =Attendance!M20 -> 0 | M21: =SUM(F21:L21) -> 0 | N21: =(M21/SUM(($F$10:$L$10))*50+50) -> 50 | O21: =N21*0.25 -> 12.5 | U21: =SUM(P21:T21) -> 0 | V21: =(U21/SUM(($P$10:$T$10))*50+50) -> 50 | W21: =V21*0.35 -> 17.5 | X21: =O21+W21 -> 30 | AA21: =SUM(Y21:Z21) -> 0 | AB21: =((AA21/SUM(($Y$10:$Z$10))*50+50)*0.15) -> 7.5 | AE21: =SUM(AC21:AD21) -> 0 | AF21: =((AE21/SUM(($AC$10:$AD$10))*50+50)*0.25) -> 12.5 | AG21: =AB21+AF21 -> 20 | AI21: =X21+AG21 -> 50 | AJ21: =IF(AI21<74.5,"FAILED","PASSED") -> FAILED
A22: 12 | B22: =Attendance!B22 -> HITONES. APPLE ANDREA SU-AY | C22: =Attendance!M21 -> 0 | M22: =SUM(F22:L22) -> 0 | N22: =(M22/SUM(($F$10:$L$10))*50+50) -> 50 | O22: =N22*0.25 -> 12.5 | U22: =SUM(P22:T22) -> 0 | V22: =(U22/SUM(($P$10:$T$10))*50+50) -> 50 | W22: =V22*0.35 -> 17.5 | X22: =O22+W22 -> 30 | AA22: =SUM(Y22:Z22) -> 0 | AB22: =((AA22/SUM(($Y$10:$Z$10))*50+50)*0.15) -> 7.5 | AE22: =SUM(AC22:AD22) -> 0 | AF22: =((AE22/SUM(($AC$10:$AD$10))*50+50)*0.25) -> 12.5 | AG22: =AB22+AF22 -> 20 | AI22: =X22+AG22 -> 50 | AJ22: =IF(AI22<74.5,"FAILED","PASSED") -> FAILED
... A49: 39 | B49: =Attendance!B49 -> 0 | C49: =Attendance!M48 -> 0 | M49: =SUM(F49:L49) -> 0 | N49: =(M49/SUM(($F$10:$L$10))*50+50) -> 50 | O49: =N49*0.25 -> 12.5 | U49: =SUM(P49:T49) -> 0 | V49: =(U49/SUM(($P$10:$T$10))*50+50) -> 50 | W49: =V49*0.35 -> 17.5 | X49: =O49+W49 -> 30 | AA49: =SUM(Y49:Z49) -> 0 | AB49: =((AA49/SUM(($Y$10:$Z$10))*50+50)*0.15) -> 7.5 | AE49: =SUM(AC49:AD49) -> 0 | AF49: =((AE49/SUM(($AC$10:$AD$10))*50+50)*0.25) -> 12.5 | AG49: =AB49+AF49 -> 20 | AI49: =X49+AG49 -> 50 | AJ49: =IF(AI49<74.5,"FAILED","PASSED") -> FAILED

Sheet Midterm
B1: =Attendance!B1 -> SUBJECT: COMP 1 | C1: MIDTERM GRADE
B2: =Attendance!B2 -> COURSE/YEAR: BSIT 1A
B3: =Attendance!B3 -> TIME:
B4: =Attendance!B4 -> ROOM:
B5: =Attendance!B5 -> UNITS:
AI6: TOTAL GRADE:
C7: FORMATIVE ASSESSMENT | Y7: SUMMATIVE ASSESSMENT | AI7: MIDTERM | AJ7: REMARKS
B8: Names | C8: ATTENDANCE | F8: QUIZZES/RECITATION/ASSIGNMENT | P8: LABORATORY EXERCISES | X8: FORMATIVE GRADE | Y8: MIDTERM EXAM | AC8: PROJECT/FINAL PRESENTATION | AG8: SUMMATIVE GRADE | AI8: GRADE
F9: 0.25 | P9: 0.35 | X9: 0.6 | Y9: 15% | AC9: 0.25 | AG9: 0.4 | AI9: 1
C10: 5 | F10: 50 | G10: 50 | H10: 50 | M10: =SUM(F10:L10) -> 150 | N10: =(M10/SUM(($F$10:$L$10))*50+50) -> 100 | O10: =N10*0.25 -> 25 | P10: 50 | Q10: 50 | U10: =SUM(P10:T10) -> 100 | V10: =(U10/SUM(($P$10:$T$10))*50+50) -> 100 | W10: =V10*0.35 -> 35 | X10: =O10+W10 -> 60 | Y10: 100 | Z10: 50 | AA10: =SUM(Y10:Z10) -> 150 | AB10: =((AA10/SUM(($Y$10:$Z$10))*50+50)*0.15) -> 15 | AC10: 50 | AD10: 50 | AE10: =SUM(AC10:AD10) -> 100 | AF10: =((AE10/SUM(($AC$10:$AD$10))*50+50)*0.25) -> 25 | AG10: =AB10+AF10 -> 40 | AI10: =X10+AG10 -> 100 | AJ10: =IF(AI10<74.5,"FAILED","PASSED") -> PASSED
A11: 1 | B11: =Attendance!B11 -> ASPE. SOPHIA ERICKA PACIENCIA | C11: =Attendance!X10 -> 5 | M11: =SUM(F11:L11) -> 0 | N11: =(M11/SUM(($F$10:$L$10))*50+50) -> 50 | O11: =N11*0.25 -> 12.5 | U11: =SUM(P11:T11) -> 0 | V11: =(U11/SUM(($P$10:$T$10))*50+50) -> 50 | W11: =V11*0.35 -> 17.5 | X11: =O11+W11 -> 30 | AA11: =SUM(Y11:Z11) -> 0 | AB11: =((AA11/SUM(($Y$10:$Z$10))*50+50)*0.15) -> 7.5 | AE11: =SUM(AC11:AD11) -> 0 | AF11: =((AE11/SUM(($AC$10:$AD$10))*50+50)*0.25) -> 12.5 | AG11: =AB11+AF11 -> 20 | AI11: =X11+AG11 -> 50 | AJ11: =IF(AI11<74.5,"FAILED","PASSED") -> FAILED
A12: 2 | B12: =Attendance!B12 -> ATONDUCAN. VINCE ASHLEY PAREÑAS | C12: =Attendance!X11 -> 0 | M12: =SUM(F12:L12) -> 0 | N12: =(M12/SUM(($F$10:$L$10))*50+50) -> 50 | O12: =N12*0.25 -> 12.5 | U12: =SUM(P12:T12) -> 0 | V12: =(U12/SUM(($P$10:$T$10))*50+50) -> 50 | W12: =V12*0.35 -> 17.5 | X12: =O12+W12 -> 30 | AA12: =SUM(Y12:Z12) -> 0 | AB12: =((AA12/SUM(($Y$10:$Z$10))*50+50)*0.15) -> 7.5 | AE12: =SUM(AC12:AD12) -> 0 | AF12: =((AE12/SUM(($AC$10:$AD$10))*50+50)*0.25) -> 12.5 | AG12: =AB12+AF12 -> 20 | AI12: =X12+AG12 -> 50 | AJ12: =IF(AI12<74.5,"FAILED","PASSED") -> FAILED
A13: 3 | B13: =Attendance!B13 -> BLANCO. KLYDE JANDY SAYNES | C13: =Attendance!X12 -> 0 | M13: =SUM(F13:L13) -> 0 | N13: =(M13/SUM(($F$10:$L$10))*50+50) -> 50 | O13: =N13*0.25 -> 12.5 | U13: =SUM(P13:T13) -> 0 | V13: =(U13/SUM(($P$10:$T$10))*50+50) -> 50 | W13: =V13*0.35 -> 17.5 | X13: =O13+W13 -> 30 | AA13: =SUM(Y13:Z13) -> 0 | AB13: =((AA13/SUM(($Y$10:$Z$10))*50+50)*0.15) -> 7.5 | AE13: =SUM(AC13:AD13) -> 0 | AF13: =((AE13/SUM(($AC$10:$AD$10))*50+50)*0.25) -> 12.5 | AG13: =AB13+AF13 -> 20 | AI13: =X13+AG13 -> 50 | AJ13: =IF(AI13<74.5,"FAILED","PASSED") -> FAILED
A14: 4 | B14: =Attendance!B14 -> BORROMEO. HARVEY KENT DUMALAG | C14: =Attendance!X13 -> 0 | M14: =SUM(F14:L14) -> 0 | N14: =(M14/SUM(($F$10:$L$10))*50+50) -> 50 | O14: =N14*0.25 -> 12.5 | U14: =SUM(P14:T14) -> 0 | V14: =(U14/SUM(($P$10:$T$10))*50+50) -> 50 | W14: =V14*0.35 -> 17.5 | X14: =O14+W14 -> 30 | AA14: =SUM(Y14:Z14) -> 0 | AB14: =((AA14/SUM(($Y$10:$Z$10))*50+50)*0.15) -> 7.5 | AE14: =SUM(AC14:AD14) -> 0 | AF14: =((AE14/SUM(($AC$10:$AD$10))*50+50)*0.25) -> 12.5 | AG14: =AB14+AF14 -> 20 | AI14: =X14+AG14 -> 50 | AJ14: =IF(AI14<74.5,"FAILED","PASSED") -> FAILED
A15: 5 | B15: =Attendance!B15 -> CABAYA. SOPHIA LOREN JURILLA | C15: =Attendance!X14 -> 0 | M15: =SUM(F15:L15) -> 0 | N15: =(M15/SUM(($F$10:$L$10))*50+50) -> 50 | O15: =N15*0.25 -> 12.5 | U15: =SUM(P15:T15) -> 0 | V15: =(U15/SUM(($P$10:$T$10))*50+50) -> 50 | W15: =V15*0.35 -> 17.5 | X15: =O15+W15 -> 30 | AA15: =SUM(Y15:Z15) -> 0 | AB15: =((AA15/SUM(($Y$10:$Z$10))*50+50)*0.15) -> 7.5 | AE15: =SUM(AC15:AD15) -> 0 | AF15: =((AE15/SUM(($AC$10:$AD$10))*50+50)*0.25) -> 12.5 | AG15: =AB15+AF15 -> 20 | AI15: =X15+AG15 -> 50 | AJ15: =IF(AI15<74.5,"FAILED","PASSED") -> FAILED
A16: 6 | B16: =Attendance!B16 -> CASIDA. KIESHA LOU RODRIGUEZ | C16: =Attendance!X15 -> 0 | M16: =SUM(F16:L16) -> 0 | N16: =(M16/SUM(($F$10:$L$10))*50+50) -> 50 | O16: =N16*0.25 -> 12.5 | U16: =SUM(P16:T16) -> 0 | V16: =(U16/SUM(($P$10:$T$10))*50+50) -> 50 | W16: =V16*0.35 -> 17.5 | X16: =O16+W16 -> 30 | AA16: =SUM(Y16:Z16) -> 0 | AB16: =((AA16/SUM(($Y$10:$Z$10))*50+50)*0.15) -> 7.5 | AE16: =SUM(AC16:AD16) -> 0 | AF16: =((AE16/SUM(($AC$10:$AD$10))*50+50)*0.25) -> 12.5 | AG16: =AB16+AF16 -> 20 | AI16: =X16+AG16 -> 50 | AJ16: =IF(AI16<74.5,"FAILED","PASSED") -> FAILED
A17: 7 | B17: =Attendance!B17 -> CUARESMA. LOUR DESIREE BAQUERO | C17: =Attendance!X16 -> 0 | M17: =SUM(F17:L17) -> 0 | N17: =(M17/SUM(($F$10:$L$10))*50+50) -> 50 | O17: =N17*0.25 -> 12.5 | U17: =SUM(P17:T17) -> 0 | V17: =(U17/SUM(($P$10:$T$10))*50+50) -> 50 | W17: =V17*0.35 -> 17.5 | X17: =O17+W17 -> 30 | AA17: =SUM(Y17:Z17) -> 0 | AB17: =((AA17/SUM(($Y$10:$Z$10))*50+50)*0.15) -> 7.5 | AE17: =SUM(AC17:AD17) -> 0 | AF17: =((AE17/SUM(($AC$10:$AD$10))*50+50)*0.25) -> 12.5 | AG17: =AB17+AF17 -> 20 | AI17: =X17+AG17 -> 50 | AJ17: =IF(AI17<74.5,"FAILED","PASSED") -> FAILED
A18: 8 | B18: =Attendance!B18 -> DETOPEREZ. KNYTZ PANIZALES | C18: =Attendance!X17 -> 0 | M18: =SUM(F18:L18) -> 0 | N18: =(M18/SUM(($F$10:$L$10))*50+50) -> 50 | O18: =N18*0.25 -> 12.5 | U18: =SUM(P18:T18) -> 0 | V18: =(U18/SUM(($P$10:$T$10))*50+50) -> 50 | W18: =V18*0.35 -> 17.5 | X18: =O18+W18 -> 30 | AA18: =SUM(Y18:Z18) -> 0 | AB18: =((AA18/SUM(($Y$10:$Z$10))*50+50)*0.15) -> 7.5 | AE18: =SUM(AC18:AD18) -> 0 | AF18: =((AE18/SUM(($AC$10:$AD$10))*50+50)*0.25) -> 12.5 | AG18: =AB18+AF18 -> 20 | AI18: =X18+AG18 -> 50 | AJ18: =IF(AI18<74.5,"FAILED","PASSED") -> FAILED
A19: 9 | B19: =Attendance!B19 -> DOMINGO. ARSENIO JR. DIOLESTE | C19: =Attendance!X18 -> 0 | M19: =SUM(F19:L19) -> 0 | N19: =(M19/SUM(($F$10:$L$10))*50+50) -> 50 | O19: =N19*0.25 -> 12.5 | U19: =SUM(P19:T19) -> 0 | V19: =(U19/SUM(($P$10:$T$10))*50+50) -> 50 | W19: =V19*0.35 -> 17.5 | X19: =O19+W19 -> 30 | AA19: =SUM(Y19:Z19) -> 0 | AB19: =((AA19/SUM(($Y$10:$Z$10))*50+50)*0.15) -> 7.5 | AE19: =SUM(AC19:AD19) -> 0 | AF19: =((AE19/SUM(($AC$10:$AD$10))*50+50)*0.25) -> 12.5 | AG19: =AB19+AF19 -> 20 | AI19: =X19+AG19 -> 50 | AJ19: =IF(AI19<74.5,"FAILED","PASSED") -> FAILED
A20: 10 | B20: =Attendance!B20 -> ESCANDA. ETHAN GABRIEL BERNALDEZ | C20: =Attendance!X19 -> 0 | M20: =SUM(F20:L20) -> 0 | N20: =(M20/SUM(($F$10:$L$10))*50+50) -> 50 | O20: =N20*0.25 -> 12.5 | U20: =SUM(P20:T20) -> 0 | V20: =(U20/SUM(($P$10:$T$10))*50+50) -> 50 | W20: =V20*0.35 -> 17.5 | X20: =O20+W20 -> 30 | AA20: =SUM(Y20:Z20) -> 0 | AB20: =((AA20/SUM(($Y$10:$Z$10))*50+50)*0.15) -> 7.5 | AE20: =SUM(AC20:AD20) -> 0 | AF20: =((AE20/SUM(($AC$10:$AD$10))*50+50)*0.25) -> 12.5 | AG20: =AB20+AF20 -> 20 | AI20: =X20+AG20 -> 50 | AJ20: =IF(AI20<74.5,"FAILED","PASSED") -> FAILED
A21: 11 | B21: =Attendance!B21 -> GENTERONE. LYCCA MAY PODADOR | C21: =Attendance!X20 -> 0 | M21: =SUM(F21:L21) -> 0 | N21: =(M21/SUM(($F$10:$L$10))*50+50) -> 50 | O21: =N21*0.25 -> 12.5 | U21: =SUM(P21:T21) -> 0 | V21: =(U21/SUM(($P$10:$T$10))*50+50) -> 50 | W21: =V21*0.35 -> 17.5 | X21: =O21+W21 -> 30 | AA21: =SUM(Y21:Z21) -> 0 | AB21: =((AA21/SUM(($Y$10:$Z$10))*50+50)*0.15) -> 7.5 | AE21: =SUM(AC21:AD21) -> 0 | AF21: =((AE21/SUM(($AC$10:$AD$10))*50+50)*0.25) -> 12.5 | AG21: =AB21+AF21 -> 20 | AI21: =X21+AG21 -> 50 | AJ21: =IF(AI21<74.5,"FAILED","PASSED") -> FAILED
A22: 12 | B22: =Attendance!B22 -> HITONES. APPLE ANDREA SU-AY | C22: =Attendance!X21 -> 0 | M22: =SUM(F22:L22) -> 0 | N22: =(M22/SUM(($F$10:$L$10))*50+50) -> 50 | O22: =N22*0.25 -> 12.5 | U22: =SUM(P22:T22) -> 0 | V22: =(U22/SUM(($P$10:$T$10))*50+50) -> 50 | W22: =V22*0.35 -> 17.5 | X22: =O22+W22 -> 30 | AA22: =SUM(Y22:Z22) -> 0 | AB22: =((AA22/SUM(($Y$10:$Z$10))*50+50)*0.15) -> 7.5 | AE22: =SUM(AC22:AD22) -> 0 | AF22: =((AE22/SUM(($AC$10:$AD$10))*50+50)*0.25) -> 12.5 | AG22: =AB22+AF22 -> 20 | AI22: =X22+AG22 -> 50 | AJ22: =IF(AI22<74.5,"FAILED","PASSED") -> FAILED
... A49: 39 | B49: =Attendance!B49 -> 0 | C49: =Attendance!X48 -> 0 | M49: =SUM(F49:L49) -> 0 | N49: =(M49/SUM(($F$10:$L$10))*50+50) -> 50 | O49: =N49*0.25 -> 12.5 | U49: =SUM(P49:T49) -> 0 | V49: =(U49/SUM(($P$10:$T$10))*50+50) -> 50 | W49: =V49*0.35 -> 17.5 | X49: =O49+W49 -> 30 | AA49: =SUM(Y49:Z49) -> 0 | AB49: =((AA49/SUM(($Y$10:$Z$10))*50+50)*0.15) -> 7.5 | AE49: =SUM(AC49:AD49) -> 0 | AF49: =((AE49/SUM(($AC$10:$AD$10))*50+50)*0.25) -> 12.5 | AG49: =AB49+AF49 -> 20 | AI49: =X49+AG49 -> 50 | AJ49: =IF(AI49<74.5,"FAILED","PASSED") -> FAILED

Sheet Final
B1: =Attendance!B1 -> SUBJECT: COMP 1 | C1: FINAL GRADE
B2: =Attendance!B2 -> COURSE/YEAR: BSIT 1A
B3: =Attendance!B3 -> TIME:
B4: =Attendance!B4 -> ROOM:
B5: =Attendance!B5 -> UNITS:
AI6: TOTAL GRADE:
C7: FORMATIVE ASSESSMENT | Y7: SUMMATIVE ASSESSMENT | AI7: FINAL | AJ7: REMARKS
B8: Names | C8: ATTENDANCE | F8: QUIZZES/RECITATION/ASSIGNMENT | P8: LABORATORY EXERCISES | X8: FORMATIVE GRADE | Y8: FINAL EXAM | AC8: PROJECT/FINAL PRESENTATION | AG8: SUMMATIVE GRADE | AI8: GRADE
F9: 0.25 | P9: 0.35 | X9: 0.6 | Y9: 15% | AC9: 0.25 | AG9: 0.4 | AI9: 1
C10: 5 | F10: 50 | G10: 50 | H10: 50 | M10: =SUM(F10:L10) -> 150 | N10: =(M10/SUM(($F$10:$L$10))*50+50) -> 100 | O10: =N10*0.25 -> 25 | P10: 50 | Q10: 50 | U10: =SUM(P10:T10) -> 100 | V10: =(U10/SUM(($P$10:$T$10))*50+50) -> 100 | W10: =V10*0.35 -> 35 | X10: =O10+W10 -> 60 | Y10: 100 | Z10: 50 | AA10: =SUM(Y10:Z10) -> 150 | AB10: =((AA10/SUM(($Y$10:$Z$10))*50+50)*0.15) -> 15 | AC10: 50 | AD10: 50 | AE10: =SUM(AC10:AD10) -> 100 | AF10: =((AE10/SUM(($AC$10:$AD$10))*50+50)*0.25) -> 25 | AG10: =AB10+AF10 -> 40 | AI10: =X10+AG10 -> 100 | AJ10: =IF(AI10<74.5,"FAILED","PASSED") -> PASSED
A11: 1 | B11: =Attendance!B11 -> ASPE. SOPHIA ERICKA PACIENCIA | C11: =Attendance!AH10 -> 5 | M11: =SUM(F11:L11) -> 0 | N11: =(M11/SUM(($F$10:$L$10))*50+50) -> 50 | O11: =N11*0.25 -> 12.5 | U11: =SUM(P11:T11) -> 0 | V11: =(U11/SUM(($P$10:$T$10))*50+50) -> 50 | W11: =V11*0.35 -> 17.5 | X11: =O11+W11 -> 30 | AA11: =SUM(Y11:Z11) -> 0 | AB11: =((AA11/SUM(($Y$10:$Z$10))*50+50)*0.15) -> 7.5 | AE11: =SUM(AC11:AD11) -> 0 | AF11: =((AE11/SUM(($AC$10:$AD$10))*50+50)*0.25) -> 12.5 | AG11: =AB11+AF11 -> 20 | AI11: =X11+AG11 -> 50 | AJ11: =IF(AI11<74.5,"FAILED","PASSED") -> FAILED
A12: 2 | B12: =Attendance!B12 -> ATONDUCAN. VINCE ASHLEY PAREÑAS | C12: =Attendance!AH11 -> 0 | M12: =SUM(F12:L12) -> 0 | N12: =(M12/SUM(($F$10:$L$10))*50+50) -> 50 | O12: =N12*0.25 -> 12.5 | U12: =SUM(P12:T12) -> 0 | V12: =(U12/SUM(($P$10:$T$10))*50+50) -> 50 | W12: =V12*0.35 -> 17.5 | X12: =O12+W12 -> 30 | AA12: =SUM(Y12:Z12) -> 0 | AB12: =((AA12/SUM(($Y$10:$Z$10))*50+50)*0.15) -> 7.5 | AE12: =SUM(AC12:AD12) -> 0 | AF12: =((AE12/SUM(($AC$10:$AD$10))*50+50)*0.25) -> 12.5 | AG12: =AB12+AF12 -> 20 | AI12: =X12+AG12 -> 50 | AJ12: =IF(AI12<74.5,"FAILED","PASSED") -> FAILED
A13: 3 | B13: =Attendance!B13 -> BLANCO. KLYDE JANDY SAYNES | C13: =Attendance!AH12 -> 0 | M13: =SUM(F13:L13) -> 0 | N13: =(M13/SUM(($F$10:$L$10))*50+50) -> 50 | O13: =N13*0.25 -> 12.5 | U13: =SUM(P13:T13) -> 0 | V13: =(U13/SUM(($P$10:$T$10))*50+50) -> 50 | W13: =V13*0.35 -> 17.5 | X13: =O13+W13 -> 30 | AA13: =SUM(Y13:Z13) -> 0 | AB13: =((AA13/SUM(($Y$10:$Z$10))*50+50)*0.15) -> 7.5 | AE13: =SUM(AC13:AD13) -> 0 | AF13: =((AE13/SUM(($AC$10:$AD$10))*50+50)*0.25) -> 12.5 | AG13: =AB13+AF13 -> 20 | AI13: =X13+AG13 -> 50 | AJ13: =IF(AI13<74.5,"FAILED","PASSED") -> FAILED
A14: 4 | B14: =Attendance!B14 -> BORROMEO. HARVEY KENT DUMALAG | C14: =Attendance!AH13 -> 0 | M14: =SUM(F14:L14) -> 0 | N14: =(M14/SUM(($F$10:$L$10))*50+50) -> 50 | O14: =N14*0.25 -> 12.5 | U14: =SUM(P14:T14) -> 0 | V14: =(U14/SUM(($P$10:$T$10))*50+50) -> 50 | W14: =V14*0.35 -> 17.5 | X14: =O14+W14 -> 30 | AA14: =SUM(Y14:Z14) -> 0 | AB14: =((AA14/SUM(($Y$10:$Z$10))*50+50)*0.15) -> 7.5 | AE14: =SUM(AC14:AD14) -> 0 | AF14: =((AE14/SUM(($AC$10:$AD$10))*50+50)*0.25) -> 12.5 | AG14: =AB14+AF14 -> 20 | AI14: =X14+AG14 -> 50 | AJ14: =IF(AI14<74.5,"FAILED","PASSED") -> FAILED
A15: 5 | B15: =Attendance!B15 -> CABAYA. SOPHIA LOREN JURILLA | C15: =Attendance!AH14 -> 0 | M15: =SUM(F15:L15) -> 0 | N15: =(M15/SUM(($F$10:$L$10))*50+50) -> 50 | O15: =N15*0.25 -> 12.5 | U15: =SUM(P15:T15) -> 0 | V15: =(U15/SUM(($P$10:$T$10))*50+50) -> 50 | W15: =V15*0.35 -> 17.5 | X15: =O15+W15 -> 30 | AA15: =SUM(Y15:Z15) -> 0 | AB15: =((AA15/SUM(($Y$10:$Z$10))*50+50)*0.15) -> 7.5 | AE15: =SUM(AC15:AD15) -> 0 | AF15: =((AE15/SUM(($AC$10:$AD$10))*50+50)*0.25) -> 12.5 | AG15: =AB15+AF15 -> 20 | AI15: =X15+AG15 -> 50 | AJ15: =IF(AI15<74.5,"FAILED","PASSED") -> FAILED
A16: 6 | B16: =Attendance!B16 -> CASIDA. KIESHA LOU RODRIGUEZ | C16: =Attendance!AH15 -> 0 | M16: =SUM(F16:L16) -> 0 | N16: =(M16/SUM(($F$10:$L$10))*50+50) -> 50 | O16: =N16*0.25 -> 12.5 | U16: =SUM(P16:T16) -> 0 | V16: =(U16/SUM(($P$10:$T$10))*50+50) -> 50 | W16: =V16*0.35 -> 17.5 | X16: =O16+W16 -> 30 | AA16: =SUM(Y16:Z16) -> 0 | AB16: =((AA16/SUM(($Y$10:$Z$10))*50+50)*0.15) -> 7.5 | AE16: =SUM(AC16:AD16) -> 0 | AF16: =((AE16/SUM(($AC$10:$AD$10))*50+50)*0.25) -> 12.5 | AG16: =AB16+AF16 -> 20 | AI16: =X16+AG16 -> 50 | AJ16: =IF(AI16<74.5,"FAILED","PASSED") -> FAILED
A17: 7 | B17: =Attendance!B17 -> CUARESMA. LOUR DESIREE BAQUERO | C17: =Attendance!AH16 -> 0 | M17: =SUM(F17:L17) -> 0 | N17: =(M17/SUM(($F$10:$L$10))*50+50) -> 50 | O17: =N17*0.25 -> 12.5 | U17: =SUM(P17:T17) -> 0 | V17: =(U17/SUM(($P$10:$T$10))*50+50) -> 50 | W17: =V17*0.35 -> 17.5 | X17: =O17+W17 -> 30 | AA17: =SUM(Y17:Z17) -> 0 | AB17: =((AA17/SUM(($Y$10:$Z$10))*50+50)*0.15) -> 7.5 | AE17: =SUM(AC17:AD17) -> 0 | AF17: =((AE17/SUM(($AC$10:$AD$10))*50+50)*0.25) -> 12.5 | AG17: =AB17+AF17 -> 20 | AI17: =X17+AG17 -> 50 | AJ17: =IF(AI17<74.5,"FAILED","PASSED") -> FAILED
A18: 8 | B18: =Attendance!B18 -> DETOPEREZ. KNYTZ PANIZALES | C18: =Attendance!AH17 -> 0 | M18: =SUM(F18:L18) -> 0 | N18: =(M18/SUM(($F$10:$L$10))*50+50) -> 50 | O18: =N18*0.25 -> 12.5 | U18: =SUM(P18:T18) -> 0 | V18: =(U18/SUM(($P$10:$T$10))*50+50) -> 50 | W18: =V18*0.35 -> 17.5 | X18: =O18+W18 -> 30 | AA18: =SUM(Y18:Z18) -> 0 | AB18: =((AA18/SUM(($Y$10:$Z$10))*50+50)*0.15) -> 7.5 | AE18: =SUM(AC18:AD18) -> 0 | AF18: =((AE18/SUM(($AC$10:$AD$10))*50+50)*0.25) -> 12.5 | AG18: =AB18+AF18 -> 20 | AI18: =X18+AG18 -> 50 | AJ18: =IF(AI18<74.5,"FAILED","PASSED") -> FAILED
A19: 9 | B19: =Attendance!B19 -> DOMINGO. ARSENIO JR. DIOLESTE | C19: =Attendance!AH18 -> 0 | M19: =SUM(F19:L19) -> 0 | N19: =(M19/SUM(($F$10:$L$10))*50+50) -> 50 | O19: =N19*0.25 -> 12.5 | U19: =SUM(P19:T19) -> 0 | V19: =(U19/SUM(($P$10:$T$10))*50+50) -> 50 | W19: =V19*0.35 -> 17.5 | X19: =O19+W19 -> 30 | AA19: =SUM(Y19:Z19) -> 0 | AB19: =((AA19/SUM(($Y$10:$Z$10))*50+50)*0.15) -> 7.5 | AE19: =SUM(AC19:AD19) -> 0 | AF19: =((AE19/SUM(($AC$10:$AD$10))*50+50)*0.25) -> 12.5 | AG19: =AB19+AF19 -> 20 | AI19: =X19+AG19 -> 50 | AJ19: =IF(AI19<74.5,"FAILED","PASSED") -> FAILED
A20: 10 | B20: =Attendance!B20 -> ESCANDA. ETHAN GABRIEL BERNALDEZ | C20: =Attendance!AH19 -> 0 | M20: =SUM(F20:L20) -> 0 | N20: =(M20/SUM(($F$10:$L$10))*50+50) -> 50 | O20: =N20*0.25 -> 12.5 | U20: =SUM(P20:T20) -> 0 | V20: =(U20/SUM(($P$10:$T$10))*50+50) -> 50 | W20: =V20*0.35 -> 17.5 | X20: =O20+W20 -> 30 | AA20: =SUM(Y20:Z20) -> 0 | AB20: =((AA20/SUM(($Y$10:$Z$10))*50+50)*0.15) -> 7.5 | AE20: =SUM(AC20:AD20) -> 0 | AF20: =((AE20/SUM(($AC$10:$AD$10))*50+50)*0.25) -> 12.5 | AG20: =AB20+AF20 -> 20 | AI20: =X20+AG20 -> 50 | AJ20: =IF(AI20<74.5,"FAILED","PASSED") -> FAILED
A21: 11 | B21: =Attendance!B21 -> GENTERONE. LYCCA MAY PODADOR | C21: =Attendance!AH20 -> 0 | M21: =SUM(F21:L21) -> 0 | N21: =(M21/SUM(($F$10:$L$10))*50+50) -> 50 | O21: =N21*0.25 -> 12.5 | U21: =SUM(P21:T21) -> 0 | V21: =(U21/SUM(($P$10:$T$10))*50+50) -> 50 | W21: =V21*0.35 -> 17.5 | X21: =O21+W21 -> 30 | AA21: =SUM(Y21:Z21) -> 0 | AB21: =((AA21/SUM(($Y$10:$Z$10))*50+50)*0.15) -> 7.5 | AE21: =SUM(AC21:AD21) -> 0 | AF21: =((AE21/SUM(($AC$10:$AD$10))*50+50)*0.25) -> 12.5 | AG21: =AB21+AF21 -> 20 | AI21: =X21+AG21 -> 50 | AJ21: =IF(AI21<74.5,"FAILED","PASSED") -> FAILED
A22: 12 | B22: =Attendance!B22 -> HITONES. APPLE ANDREA SU-AY | C22: =Attendance!AH21 -> 0 | M22: =SUM(F22:L22) -> 0 | N22: =(M22/SUM(($F$10:$L$10))*50+50) -> 50 | O22: =N22*0.25 -> 12.5 | U22: =SUM(P22:T22) -> 0 | V22: =(U22/SUM(($P$10:$T$10))*50+50) -> 50 | W22: =V22*0.35 -> 17.5 | X22: =O22+W22 -> 30 | AA22: =SUM(Y22:Z22) -> 0 | AB22: =((AA22/SUM(($Y$10:$Z$10))*50+50)*0.15) -> 7.5 | AE22: =SUM(AC22:AD22) -> 0 | AF22: =((AE22/SUM(($AC$10:$AD$10))*50+50)*0.25) -> 12.5 | AG22: =AB22+AF22 -> 20 | AI22: =X22+AG22 -> 50 | AJ22: =IF(AI22<74.5,"FAILED","PASSED") -> FAILED
... A49: 39 | B49: =Attendance!B49 -> 0 | C49: =Attendance!AH48 -> 0 | M49: =SUM(F49:L49) -> 0 | N49: =(M49/SUM(($F$10:$L$10))*50+50) -> 50 | O49: =N49*0.25 -> 12.5 | U49: =SUM(P49:T49) -> 0 | V49: =(U49/SUM(($P$10:$T$10))*50+50) -> 50 | W49: =V49*0.35 -> 17.5 | X49: =O49+W49 -> 30 | AA49: =SUM(Y49:Z49) -> 0 | AB49: =((AA49/SUM(($Y$10:$Z$10))*50+50)*0.15) -> 7.5 | AE49: =SUM(AC49:AD49) -> 0 | AF49: =((AE49/SUM(($AC$10:$AD$10))*50+50)*0.25) -> 12.5 | AG49: =AB49+AF49 -> 20 | AI49: =X49+AG49 -> 50 | AJ49: =IF(AI49<74.5,"FAILED","PASSED") -> FAILED

Sheet Average
B1: =Attendance!B1 -> SUBJECT: COMP 1
B2: =Attendance!B2 -> COURSE/YEAR: BSIT 1A
B3: =Attendance!B3 -> TIME:
B4: =Attendance!B4 -> ROOM:
B5: =Attendance!B5 -> UNITS:
B9: Names | C9: prelim | D9: midterm | E9: final | F9: Final Average | G9: Remarks
BP10: =Average!G11 -> 0
A12: 1 | B12: =Attendance!B10 -> ANDIANO. NOEL RABAGO | C12: =Prelim!AI10 -> 100 | D12: =Midterm!AI10 -> 100 | E12: =Final!AI10 -> 100 | F12: =(C12+D12+E12)/3 -> 100 | G12: =IF(F12<74.5,"FAILED","PASSED") -> PASSED
A13: 2 | B13: =Attendance!B11 -> ASPE. SOPHIA ERICKA PACIENCIA | C13: =Prelim!AI11 -> 50 | D13: =Midterm!AI11 -> 50 | E13: =Final!AI11 -> 50 | F13: =(C13+D13+E13)/3 -> 50 | G13: =IF(F13<74.5,"FAILED","PASSED") -> FAILED
A14: 3 | B14: =Attendance!B12 -> ATONDUCAN. VINCE ASHLEY PAREÑAS | C14: =Prelim!AI12 -> 50 | D14: =Midterm!AI12 -> 50 | E14: =Final!AI12 -> 50 | F14: =(C14+D14+E14)/3 -> 50 | G14: =IF(F14<74.5,"FAILED","PASSED") -> FAILED
A15: 4 | B15: =Attendance!B13 -> BLANCO. KLYDE JANDY SAYNES | C15: =Prelim!AI13 -> 50 | D15: =Midterm!AI13 -> 50 | E15: =Final!AI13 -> 50 | F15: =(C15+D15+E15)/3 -> 50 | G15: =IF(F15<74.5,"FAILED","PASSED") -> FAILED
A16: 5 | B16: =Attendance!B14 -> BORROMEO. HARVEY KENT DUMALAG | C16: =Prelim!AI14 -> 50 | D16: =Midterm!AI14 -> 50 | E16: =Final!AI14 -> 50 | F16: =(C16+D16+E16)/3 -> 50 | G16: =IF(F16<74.5,"FAILED","PASSED") -> FAILED
A17: 6 | B17: =Attendance!B15 -> CABAYA. SOPHIA LOREN JURILLA | C17: =Prelim!AI15 -> 50 | D17: =Midterm!AI15 -> 50 | E17: =Final!AI15 -> 50 | F17: =(C17+D17+E17)/3 -> 50 | G17: =IF(F17<74.5,"FAILED","PASSED") -> FAILED
A18: 7 | B18: =Attendance!B16 -> CASIDA. KIESHA LOU RODRIGUEZ | C18: =Prelim!AI16 -> 50 | D18: =Midterm!AI16 -> 50 | E18: =Final!AI16 -> 50 | F18: =(C18+D18+E18)/3 -> 50 | G18: =IF(F18<74.5,"FAILED","PASSED") -> FAILED
A19: 8 | B19: =Attendance!B17 -> CUARESMA. LOUR DESIREE BAQUERO | C19: =Prelim!AI17 -> 50 | D19: =Midterm!AI17 -> 50 | E19: =Final!AI17 -> 50 | F19: =(C19+D19+E19)/3 -> 50 | G19: =IF(F19<74.5,"FAILED","PASSED") -> FAILED
A20: 9 | B20: =Attendance!B18 -> DETOPEREZ. KNYTZ PANIZALES | C20: =Prelim!AI18 -> 50 | D20: =Midterm!AI18 -> 50 | E20: =Final!AI18 -> 50 | F20: =(C20+D20+E20)/3 -> 50 | G20: =IF(F20<74.5,"FAILED","PASSED") -> FAILED
A21: 10 | B21: =Attendance!B19 -> DOMINGO. ARSENIO JR. DIOLESTE | C21: =Prelim!AI19 -> 50 | D21: =Midterm!AI19 -> 50 | E21: =Final!AI19 -> 50 | F21: =(C21+D21+E21)/3 -> 50 | G21: =IF(F21<74.5,"FAILED","PASSED") -> FAILED
A22: 11 | B22: =Attendance!B20 -> ESCANDA. ETHAN GABRIEL BERNALDEZ | C22: =Prelim!AI20 -> 50 | D22: =Midterm!AI20 -> 50 | E22: =Final!AI20 -> 50 | F22: =(C22+D22+E22)/3 -> 50 | G22: =IF(F22<74.5,"FAILED","PASSED") -> FAILED
A23: 12 | B23: =Attendance!B21 -> GENTERONE. LYCCA MAY PODADOR | C23: =Prelim!AI21 -> 50 | D23: =Midterm!AI21 -> 50 | E23: =Final!AI21 -> 50 | F23: =(C23+D23+E23)/3 -> 50 | G23: =IF(F23<74.5,"FAILED","PASSED") -> FAILED
... A50: 39 | B50: =Attendance!B48 -> VILLARBA. JACOB PERNITO | C50: =Prelim!AI48 -> 50 | D50: =Midterm!AI48 -> 50 | E50: =Final!AI48 -> 50 | F50: =(C50+D50+E50)/3 -> 50 | G50: =IF(F50<74.5,"FAILED","PASSED") -> FAILED
